7450053428095615004,获取群公告基本信息,ccm,docx,v1,chat.announcement,get,,basic,true,/document/ukTMukTMukTM/uUDN04SN0QjL1QDN/document-docx/docx-v1/chat-announcement/get,GET:/open-apis/docx/v1/chats/:chat_id/announcement,0,"[""isv"", ""custom""]",[],1743663949,true,1,https://open.feishu.cn/document/group/upgraded-group-announcement/chat-announcement/get
7450053428095631388,获取群公告所有块,ccm,docx,v1,chat.announcement.block,list,"获取群公告所有块的富文本内容并分页返回。
7450053428095533084,在群公告中创建块,ccm,docx,v1,chat.announcement.block.children,create,在指定块的子块列表中，新创建一批子块，并放置到指定位置。如果操作成功，接口将返回新创建子块的富文本内容。调用该接口前，你可参考[群公告概述-基本概念](/ssl:ttdoc/uAjLw4CM/ukTMukTMukTM/group/upgraded-group-announcement/group-announcement-overview)了解块的父子关系规则。,basic,true,/document/ukTMukTMukTM/uUDN04SN0QjL1QDN/document-docx/docx-v1/chat-announcement-block-children/create,POST:/open-apis/docx/v1/chats/:chat_id/announcement/blocks/:block_id/children,0,"[""isv"", ""custom""]",[],1741143722,true,1,https://open.feishu.cn/document/group/upgraded-group-announcement/chat-announcement-block/create
7450053428095549468,批量更新群公告块的内容,ccm,docx,v1,chat.announcement.block,batch_update,"批量更新块的富文本内容。
7450053428095565852,获取群公告块的内容,ccm,docx,v1,chat.announcement.block,get,获取指定块的富文本内容。,basic,true,/document/ukTMukTMukTM/uUDN04SN0QjL1QDN/document-docx/docx-v1/chat-announcement-block/get,GET:/open-apis/docx/v1/chats/:chat_id/announcement/blocks/:block_id,0,"[""isv"", ""custom""]",[],1734600734,true,1,https://open.feishu.cn/document/group/upgraded-group-announcement/chat-announcement-block/get
7450053428095582236,获取所有子块,ccm,docx,v1,chat.announcement.block.children,get,"获取群公告中指定块的所有子块的富文本内容并分页返回。
7450053428095598620,删除群公告中的块,ccm,docx,v1,chat.announcement.block.children,batch_delete,,basic,true,/document/ukTMukTMukTM/uUDN04SN0QjL1QDN/document-docx/docx-v1/chat-announcement-block-children/batch_delete,DELETE:/open-apis/docx/v1/chats/:chat_id/announcement/blocks/:block_id/children/batch_delete,0,"[""isv"", ""custom""]",[],1735881779,true,1,https://open.feishu.cn/document/group/upgraded-group-announcement/chat-announcement-block/batch_delete
6979502797244170243,获取我的空间（根文件夹）元数据,ccm,ccm_drive_explorer,old,default,v2/root_folder/meta,"获取 ""我的空间"" 的元信息。",none,true,/document/ukTMukTMukTM/ugTNzUjL4UzM14CO1MTN/get-root-folder-meta,GET:/open-apis/drive/explorer/v2/root_folder/meta,0,"[""isv"", ""custom""]",[],1751457998,false,1,https://open.feishu.cn/document/server-docs/docs/drive-v1/folder/get-root-folder-meta
7108600920377016348,获取文件夹中的文件清单,ccm,drive,v1,file,list,获取用户云空间中指定文件夹下的文件清单。清单类型包括文件、各种在线文档（文档、电子表格、多维表格、思维笔记）、文件夹和快捷方式。该接口支持分页，但是不会递归的获取子文件夹的清单。,basic,true,/document/uAjLw4CM/ukTMukTMukTM/reference/drive-v1/file/list,GET:/open-apis/drive/v1/files,0,"[""isv"", ""custom""]",[],1756451238,true,1,https://open.feishu.cn/document/server-docs/docs/drive-v1/folder/list
6907569524099989505,获取文件夹元数据,ccm,ccm_drive_explorer,old,default,v2/folder/:folderToken/meta,根据 folderToken 获取该文件夹的元信息。,none,true,/document/ukTMukTMukTM/uAjNzUjLwYzM14CM2MTN,GET:/open-apis/drive/explorer/v2/folder/:folderToken/meta,0,"[""isv"", ""custom""]",[],1732796943,false,1,https://open.feishu.cn/document/server-docs/docs/drive-v1/folder/get-folder-meta
7086652480830914563,新建文件夹,ccm,drive,v1,file,create_folder,在用户云空间的指定文件夹中创建一个新的空文件夹。,basic,true,/document/uAjLw4CM/ukTMukTMukTM/reference/drive-v1/file/create_folder,POST:/open-apis/drive/v1/files/create_folder,0,"[""isv"", ""custom""]",[],1746601133,true,1,https://open.feishu.cn/document/server-docs/docs/drive-v1/folder/create_folder
7094912924435021826,查询异步任务状态,ccm,drive,v1,file,task_check,查询删除文件夹等异步任务的状态信息。,basic,true,/document/uAjLw4CM/ukTMukTMukTM/reference/drive-v1/file/task_check,GET:/open-apis/drive/v1/files/task_check,0,"[""isv"", ""custom""]",[],1716972179,true,1,https://open.feishu.cn/document/server-docs/docs/drive-v1/file/async-task/task_check
7106040876741345308,获取文件元数据,ccm,drive,v1,meta,batch_query,该接口用于根据 token 获取各类文件的元数据,basic,true,/document/uAjLw4CM/ukTMukTMukTM/reference/drive-v1/meta/batch_query,POST:/open-apis/drive/v1/metas/batch_query,0,"[""isv"", ""custom""]",[],1716972201,true,1,https://open.feishu.cn/document/server-docs/docs/drive-v1/file/batch_query
6989584844481544196,获取文件统计信息,ccm,drive,v1,file.statistics,get,此接口用于获取文件统计信息，包括文档阅读人数、次数和点赞数。,basic,true,/document/uAjLw4CM/ukTMukTMukTM/reference/drive-v1/file-statistics/get,GET:/open-apis/drive/v1/files/:file_token/statistics,0,"[""isv"", ""custom""]",[],1731587188,true,1,https://open.feishu.cn/document/server-docs/docs/drive-v1/file/get
7232207479622074371,获取文件访问记录,ccm,drive,v1,file.view_record,list,,basic,true,/document/uAjLw4CM/ukTMukTMukTM/reference/drive-v1/file-view_record/list,GET:/open-apis/drive/v1/files/:file_token/view_records,0,"[""isv"", ""custom""]",[],1741680173,true,1,https://open.feishu.cn/document/server-docs/docs/drive-v1/file-view_record/list
7087776630140157955,复制文件,ccm,drive,v1,file,copy,"将文件复制到用户云空间的其他文件夹中。不支持复制文件夹。
7080903916725993474,移动文件或文件夹,ccm,drive,v1,file,move,将文件或者文件夹移动到用户云空间的其他位置。,basic,true,/document/uAjLw4CM/ukTMukTMukTM/reference/drive-v1/file/move,POST:/open-apis/drive/v1/files/:file_token/move,0,"[""isv"", ""custom""]",[],1726818321,true,1,https://open.feishu.cn/document/server-docs/docs/drive-v1/file/move
7029475705897828354,删除文件或文件夹,ccm,drive,v1,file,delete,删除用户在云空间内的文件或者文件夹。文件或者文件夹被删除后，会进入用户回收站里。,basic,true,/document/uAjLw4CM/ukTMukTMukTM/reference/drive-v1/file/delete,DELETE:/open-apis/drive/v1/files/:file_token,0,"[""isv"", ""custom""]",[],1726818321,true,1,https://open.feishu.cn/document/server-docs/docs/drive-v1/file/delete
7216001760515112961,创建文件快捷方式,ccm,drive,v1,file,create_shortcut,,basic,true,/document/uAjLw4CM/ukTMukTMukTM/reference/drive-v1/file/create_shortcut,POST:/open-apis/drive/v1/files/create_shortcut,0,"[""isv"", ""custom""]",[],1716972268,true,1,https://open.feishu.cn/document/server-docs/docs/drive-v1/file/create_shortcut
6907569523177439233,搜索云文档,ccm,ccm_docs,old,default,docs-api/search/object,根据搜索条件进行文档搜索。,none,true,/document/ukTMukTMukTM/ugDM4UjL4ADO14COwgTN,POST:/open-apis/suite/docs-api/search/object,0,"[""isv"", ""custom""]",[],1749454584,false,1,https://open.feishu.cn/document/server-docs/docs/drive-v1/search/document-search
6979562676003864604,上传文件,ccm,drive,v1,file,upload_all,向云空间指定目录下上传一个小文件。,basic,true,/document/uAjLw4CM/ukTMukTMukTM/reference/drive-v1/file/upload_all,POST:/open-apis/drive/v1/files/upload_all,0,"[""isv"", ""custom""]",[],1729668982,true,1,https://open.feishu.cn/document/server-docs/docs/drive-v1/upload/upload_all
6979562676003815452,分片上传文件-预上传,ccm,drive,v1,file,upload_prepare,发送初始化请求获取上传事务ID和分块策略，目前是以4MB大小进行定长分片。,basic,true,/document/uAjLw4CM/ukTMukTMukTM/reference/drive-v1/file/upload_prepare,POST:/open-apis/drive/v1/files/upload_prepare,0,"[""isv"", ""custom""]",[],1735881801,true,1,https://open.feishu.cn/document/server-docs/docs/drive-v1/upload/multipart-upload-file-/upload_prepare
6979562676003930140,分片上传文件-上传分片,ccm,drive,v1,file,upload_part,上传对应的文件块。,basic,true,/document/uAjLw4CM/ukTMukTMukTM/reference/drive-v1/file/upload_part,POST:/open-apis/drive/v1/files/upload_part,0,"[""isv"", ""custom""]",[],1735881801,true,1,https://open.feishu.cn/document/server-docs/docs/drive-v1/upload/multipart-upload-file-/upload_part
6979562676003766300,分片上传文件-完成上传,ccm,drive,v1,file,upload_finish,触发完成上传。,basic,true,/document/uAjLw4CM/ukTMukTMukTM/reference/drive-v1/file/upload_finish,POST:/open-apis/drive/v1/files/upload_finish,0,"[""isv"", ""custom""]",[],1735881802,true,1,https://open.feishu.cn/document/server-docs/docs/drive-v1/upload/multipart-upload-file-/upload_finish
6979562676003946524,下载文件,ccm,drive,v1,file,download,下载云空间下的文件，不含飞书文档、电子表格以及多维表格等在线文档，支持指定文件 Range 进行下载。,basic,true,/document/uAjLw4CM/ukTMukTMukTM/reference/drive-v1/file/download,GET:/open-apis/drive/v1/files/:file_token/download,0,"[""isv"", ""custom""]",[],1744787717,true,1,https://open.feishu.cn/document/server-docs/docs/drive-v1/download/download
6987581325629947905,创建导入任务,ccm,drive,v1,import_task,create,创建导入任务。支持导入为新版文档、电子表格、多维表格以及旧版文档。该接口为异步接口，需要通过[查询导入结果](/ssl:ttdoc/uAjLw4CM/ukTMukTMukTM/reference/drive-v1/import_task/get)接口获取导入结果，调用方式可参考[导入使用指南](/ssl:ttdoc/uAjLw4CM/ukTMukTMukTM/reference/drive-v1/import_task/import-user-guide)。,basic,true,/document/uAjLw4CM/ukTMukTMukTM/reference/drive-v1/import_task/create,POST:/open-apis/drive/v1/import_tasks,0,"[""isv"", ""custom""]",[],1728628832,true,1,https://open.feishu.cn/document/server-docs/docs/drive-v1/import_task/create
6987581325629931521,查询导入任务结果,ccm,drive,v1,import_task,get,根据创建导入任务返回的`ticket`轮询导入结果，调用方式可参考[导入使用指南](/ssl:ttdoc/uAjLw4CM/ukTMukTMukTM/reference/drive-v1/import_task/import-user-guide)。,basic,true,/document/uAjLw4CM/ukTMukTMukTM/reference/drive-v1/import_task/get,GET:/open-apis/drive/v1/import_tasks/:ticket,0,"[""isv"", ""custom""]",[],1728634581,true,1,https://open.feishu.cn/document/server-docs/docs/drive-v1/import_task/get
7089034521211191298,创建导出任务,ccm,drive,v1,export_task,create,创建导出任务，将云文档导出为指定格式的本地文件，目前支持新版文档、电子表格、多维表格和旧版文档。该接口为异步接口，任务创建完成即刻返回，并不会阻塞等待到任务执行成功，因此需要结合[查询导出任务结果](/ssl:ttdoc/uAjLw4CM/ukTMukTMukTM/reference/drive-v1/export_task/get)接口获取导出结果。,basic,true,/document/uAjLw4CM/ukTMukTMukTM/reference/drive-v1/export_task/create,POST:/open-apis/drive/v1/export_tasks,0,"[""custom""]",[],1740477085,true,1,https://open.feishu.cn/document/server-docs/docs/drive-v1/export_task/create
7089034521211207682,查询导出任务结果,ccm,drive,v1,export_task,get,根据[创建导出任务](/ssl:ttdoc/uAjLw4CM/ukTMukTMukTM/reference/drive-v1/export_task/create)返回的`ticket`轮询导出任务的结果，通过本接口获取到导出产物的文件`token`之后，可调用[下载导出文件](/ssl:ttdoc/uAjLw4CM/ukTMukTMukTM/reference/drive-v1/export_task/download)接口将导出产物下载到本地。,basic,true,/document/uAjLw4CM/ukTMukTMukTM/reference/drive-v1/export_task/get,GET:/open-apis/drive/v1/export_tasks/:ticket,0,"[""custom""]",[],1724394970,true,1,https://open.feishu.cn/document/server-docs/docs/drive-v1/export_task/get
7091583486251335682,下载导出文件,ccm,drive,v1,export_task,download,根据[查询导出任务结果](/ssl:ttdoc/uAjLw4CM/ukTMukTMukTM/reference/drive-v1/export_task/get)返回的导出产物`token`，下载导出产物文件到本地。,basic,true,/document/uAjLw4CM/ukTMukTMukTM/reference/drive-v1/export_task/download,GET:/open-apis/drive/export_tasks/file/:file_token/download,0,"[""custom""]",[],1718349593,true,1,https://open.feishu.cn/document/server-docs/docs/drive-v1/export_task/download
6979562676003831836,上传素材,ccm,drive,v1,media,upload_all,将文件、图片、视频等素材文件上传到指定云文档中。素材文件在云空间中不会显示，只会显示在对应云文档中。,basic,true,/document/uAjLw4CM/ukTMukTMukTM/reference/drive-v1/media/upload_all,POST:/open-apis/drive/v1/medias/upload_all,0,"[""isv"", ""custom""]",[],1740463288,true,1,https://open.feishu.cn/document/server-docs/docs/drive-v1/media/upload_all
6979562676003848220,分片上传素材-预上传,ccm,drive,v1,media,upload_prepare,发送初始化请求获取上传事务ID和分块策略，目前是以4MB大小进行定长分片。,basic,true,/document/uAjLw4CM/ukTMukTMukTM/reference/drive-v1/media/upload_prepare,POST:/open-apis/drive/v1/medias/upload_prepare,0,"[""isv"", ""custom""]",[],1740463289,true,1,https://open.feishu.cn/document/server-docs/docs/drive-v1/media/multipart-upload-media/upload_prepare
6979562676003979292,分片上传素材-上传分片,ccm,drive,v1,media,upload_part,上传对应的文件块。,basic,true,/document/uAjLw4CM/ukTMukTMukTM/reference/drive-v1/media/upload_part,POST:/open-apis/drive/v1/medias/upload_part,0,"[""isv"", ""custom""]",[],1725537089,true,1,https://open.feishu.cn/document/server-docs/docs/drive-v1/media/multipart-upload-media/upload_part
6979562676003880988,分片上传素材-完成上传,ccm,drive,v1,media,upload_finish,触发完成上传。,basic,true,/document/uAjLw4CM/ukTMukTMukTM/reference/drive-v1/media/upload_finish,POST:/open-apis/drive/v1/medias/upload_finish,0,"[""isv"", ""custom""]",[],1729669005,true,1,https://open.feishu.cn/document/server-docs/docs/drive-v1/media/multipart-upload-media/upload_finish
6979562676003913756,下载素材,ccm,drive,v1,media,download,下载各种类型文档中的素材，比如电子表格中的图片，支持指定`range`进行分片下载。,basic,true,/document/uAjLw4CM/ukTMukTMukTM/reference/drive-v1/media/download,GET:/open-apis/drive/v1/medias/:file_token/download,0,"[""isv"", ""custom""]",[],1735881802,true,1,https://open.feishu.cn/document/server-docs/docs/drive-v1/media/download
6979562676003897372,获取素材临时下载链接,ccm,drive,v1,media,batch_get_tmp_download_url,通过`file_tokens`获取素材临时下载链接，链接时效性是 24 小时，过期失效。,basic,true,/document/uAjLw4CM/ukTMukTMukTM/reference/drive-v1/media/batch_get_tmp_download_url,GET:/open-apis/drive/v1/medias/batch_get_tmp_download_url,0,"[""isv"", ""custom""]",[],1740053884,true,1,https://open.feishu.cn/document/server-docs/docs/drive-v1/media/batch_get_tmp_download_url
7156062028485033988,创建文档版本,ccm,drive,v1,file.version,create,创建文档版本。,basic,true,/document/uAjLw4CM/ukTMukTMukTM/reference/drive-v1/file-version/create,POST:/open-apis/drive/v1/files/:file_token/versions,0,"[""isv"", ""custom""]",[],1728552661,true,1,https://open.feishu.cn/document/server-docs/docs/drive-v1/file-version/create
7156062028484984836,获取文档版本列表,ccm,drive,v1,file.version,list,获取文档所有版本。,basic,true,/document/uAjLw4CM/ukTMukTMukTM/reference/drive-v1/file-version/list,GET:/open-apis/drive/v1/files/:file_token/versions,0,"[""isv"", ""custom""]",[],1721027092,true,1,https://open.feishu.cn/document/server-docs/docs/drive-v1/file-version/list
7156062028485001220,获取文档版本信息,ccm,drive,v1,file.version,get,获取文档版本。,basic,true,/document/uAjLw4CM/ukTMukTMukTM/reference/drive-v1/file-version/get,GET:/open-apis/drive/v1/files/:file_token/versions/:version_id,0,"[""isv"", ""custom""]",[],1721027092,true,1,https://open.feishu.cn/document/server-docs/docs/drive-v1/file-version/get
7156062028485017604,删除文档版本,ccm,drive,v1,file.version,delete,删除文档版本。,basic,true,/document/uAjLw4CM/ukTMukTMukTM/reference/drive-v1/file-version/delete,DELETE:/open-apis/drive/v1/files/:file_token/versions/:version_id,0,"[""isv"", ""custom""]",[],1721027092,true,1,https://open.feishu.cn/document/server-docs/docs/drive-v1/file-version/delete
7270815553257619457,获取云文档的点赞者列表,ccm,drive,v2,file.like,list,,basic,true,/document/ukTMukTMukTM/uIzNzUjLyczM14iM3MTN/drive-v2/file-like/list,GET:/open-apis/drive/v2/files/:file_token/likes,0,"[""isv"", ""custom""]",[],1734663692,true,1,https://open.feishu.cn/document/docs/drive-v1/like/list
7094878915034464284,订阅云文档事件,ccm,drive,v1,file,subscribe,该接口仅支持**文档拥有者**订阅自己文档的通知事件，可订阅的文档类型为**旧版文档**、**新版文档**、**电子表格**和**多维表格**。在调用该接口之前请确保正确[配置事件回调网址和订阅事件类型](/ssl:ttdoc/ukTMukTMukTM/uUTNz4SN1MjL1UzM#2eb3504a)(暂不支持单独订阅文档维度的某类事件)，事件类型参考[事件列表](/ssl:ttdoc/ukTMukTMukTM/uYDNxYjL2QTM24iN0EjN/event-list)。,basic,true,/document/uAjLw4CM/ukTMukTMukTM/reference/drive-v1/file/subscribe,POST:/open-apis/drive/v1/files/:file_token/subscribe,0,"[""isv"", ""custom""]",[],1752548674,true,1,https://open.feishu.cn/document/server-docs/docs/drive-v1/event/subscribe
7259592279886250012,查询云文档事件订阅状态,ccm,drive,v1,file,get_subscribe,该接口**仅支持文档拥有者**查询自己文档的订阅状态，可订阅的文档类型为**旧版文档**、**新版文档**、**电子表格**和**多维表格**。在调用该接口之前请确保正确[配置事件回调网址和订阅事件类型](/ssl:ttdoc/ukTMukTMukTM/uUTNz4SN1MjL1UzM#2eb3504a)，事件类型参考[事件列表](/ssl:ttdoc/ukTMukTMukTM/uYDNxYjL2QTM24iN0EjN/event-list)。,basic,true,/document/uAjLw4CM/ukTMukTMukTM/reference/drive-v1/file/get_subscribe,GET:/open-apis/drive/v1/files/:file_token/get_subscribe,0,"[""isv"", ""custom""]",[],1744103528,true,1,https://open.feishu.cn/document/docs/drive-v1/event/get_subscribe
7259592279886233628,取消云文档事件订阅,ccm,drive,v1,file,delete_subscribe,该接口**仅支持文档拥有者**取消订阅自己文档的通知事件，可订阅的文档类型为**旧版文档**、**新版文档**、**电子表格**和**多维表格**。暂时无法指定取消的具体事件类型，事件类型以开发者后台为准。在调用该接口之前请确保正确[配置事件回调网址和订阅事件类型](/ssl:ttdoc/ukTMukTMukTM/uUTNz4SN1MjL1UzM#2eb3504a)，事件类型参考[事件列表](/ssl:ttdoc/ukTMukTMukTM/uYDNxYjL2QTM24iN0EjN/event-list)。,basic,true,/document/uAjLw4CM/ukTMukTMukTM/reference/drive-v1/file/delete_subscribe,DELETE:/open-apis/drive/v1/files/:file_token/delete_subscribe,0,"[""isv"", ""custom""]",[],1744103528,true,1,https://open.feishu.cn/document/server-docs/docs/drive-v1/event/delete_subscribe
7023947709203841028,获取知识空间列表,ccm,wiki,v2,space,list,"此接口用于获取有权限访问的知识空间列表。
7023947709203857412,获取知识空间信息,ccm,wiki,v2,space,get,"此接口用于根据知识空间ID来查询知识空间的信息。
7023947709203922948,创建知识空间,ccm,wiki,v2,space,create,此接口用于创建知识空间,basic,true,/document/ukTMukTMukTM/uUDN04SN0QjL1QDN/wiki-v2/space/create,POST:/open-apis/wiki/v2/spaces,0,"[""isv"", ""custom""]",[],1749710122,true,1,https://open.feishu.cn/document/server-docs/docs/wiki-v2/space/create
7386702252390449180,获取知识空间成员列表,ccm,wiki,v2,space.member,list,,basic,true,/document/ukTMukTMukTM/uUDN04SN0QjL1QDN/wiki-v2/space-member/list,GET:/open-apis/wiki/v2/spaces/:space_id/members,0,"[""isv"", ""custom""]",[],1749710136,true,1,https://open.feishu.cn/document/docs/wiki-v2/space-member/list
7023947709203906564,添加知识空间成员,ccm,wiki,v2,space.member,create,添加知识空间成员或管理员。,basic,true,/document/ukTMukTMukTM/uUDN04SN0QjL1QDN/wiki-v2/space-member/create,POST:/open-apis/wiki/v2/spaces/:space_id/members,0,"[""isv"", ""custom""]",[],1749710136,true,1,https://open.feishu.cn/document/server-docs/docs/wiki-v2/space-member/create
7041549010980651010,删除知识空间成员,ccm,wiki,v2,space.member,delete,此接口用于删除知识空间成员或管理员。,basic,true,/document/ukTMukTMukTM/uUDN04SN0QjL1QDN/wiki-v2/space-member/delete,DELETE:/open-apis/wiki/v2/spaces/:space_id/members/:member_id,0,"[""isv"", ""custom""]",[],1749710136,true,1,https://open.feishu.cn/document/server-docs/docs/wiki-v2/space-member/delete
7023947709203824644,更新知识空间设置,ccm,wiki,v2,space.setting,update,根据space_id更新知识空间公共设置,basic,true,/document/ukTMukTMukTM/uUDN04SN0QjL1QDN/wiki-v2/space-setting/update,PUT:/open-apis/wiki/v2/spaces/:space_id/setting,0,"[""isv"", ""custom""]",[],1749710136,true,1,https://open.feishu.cn/document/server-docs/docs/wiki-v2/space-setting/update
7023947709203873796,创建知识空间节点,ccm,wiki,v2,space.node,create,此接口用于在知识节点里创建[节点](/ssl:ttdoc/ukTMukTMukTM/uUDN04SN0QjL1QDN/wiki-overview)到指定位置。,basic,true,/document/ukTMukTMukTM/uUDN04SN0QjL1QDN/wiki-v2/space-node/create,POST:/open-apis/wiki/v2/spaces/:space_id/nodes,0,"[""isv"", ""custom""]",[],1749710137,true,1,https://open.feishu.cn/document/server-docs/docs/wiki-v2/space-node/create
7023947709203939332,获取知识空间节点信息,ccm,wiki,v2,space,get_node,获取知识空间节点信息,basic,true,/document/ukTMukTMukTM/uUDN04SN0QjL1QDN/wiki-v2/space/get_node,GET:/open-apis/wiki/v2/spaces/get_node,0,"[""isv"", ""custom""]",[],1749710137,true,1,https://open.feishu.cn/document/server-docs/docs/wiki-v2/space-node/get_node
7023947709203791876,获取知识空间子节点列表,ccm,wiki,v2,space.node,list,"此接口用于分页获取Wiki节点的子节点列表。
7041549010980667394,移动知识空间节点,ccm,wiki,v2,space.node,move,此方法用于在Wiki内移动节点，支持跨知识空间移动。如果有子节点，会携带子节点一起移动。,basic,true,/document/ukTMukTMukTM/uUDN04SN0QjL1QDN/wiki-v2/space-node/move,POST:/open-apis/wiki/v2/spaces/:space_id/nodes/:node_token/move,0,"[""isv"", ""custom""]",[],1749710137,true,1,https://open.feishu.cn/document/server-docs/docs/wiki-v2/space-node/move
7109718703113781251,更新知识空间节点标题,ccm,wiki,v2,space.node,update_title,此接口用于更新节点标题,basic,true,/document/ukTMukTMukTM/uUDN04SN0QjL1QDN/wiki-v2/space-node/update_title,POST:/open-apis/wiki/v2/spaces/:space_id/nodes/:node_token/update_title,0,"[""isv"", ""custom""]",[],1749710137,true,1,https://open.feishu.cn/document/server-docs/docs/wiki-v2/space-node/update_title
7109718703113797635,创建知识空间节点副本,ccm,wiki,v2,space.node,copy,此接口用于在知识空间创建节点副本到指定位置。,basic,true,/document/ukTMukTMukTM/uUDN04SN0QjL1QDN/wiki-v2/space-node/copy,POST:/open-apis/wiki/v2/spaces/:space_id/nodes/:node_token/copy,0,"[""isv"", ""custom""]",[],1749710137,true,1,https://open.feishu.cn/document/server-docs/docs/wiki-v2/space-node/copy
7023947709203808260,移动云空间文档至知识空间,ccm,wiki,v2,space.node,move_docs_to_wiki,该接口允许移动云空间文档至知识空间，并挂载在指定位置,basic,true,/document/ukTMukTMukTM/uUDN04SN0QjL1QDN/wiki-v2/space-node/move_docs_to_wiki,POST:/open-apis/wiki/v2/spaces/:space_id/nodes/move_docs_to_wiki,0,"[""isv"", ""custom""]",[],1749710138,true,1,https://open.feishu.cn/document/server-docs/docs/wiki-v2/task/move_docs_to_wiki
7041549010980634626,获取任务结果,ccm,wiki,v2,task,get,该方法用于获取wiki异步任务的结果,basic,true,/document/ukTMukTMukTM/uUDN04SN0QjL1QDN/wiki-v2/task/get,GET:/open-apis/wiki/v2/tasks/:task_id,0,"[""isv"", ""custom""]",[],1749710138,true,1,https://open.feishu.cn/document/server-docs/docs/wiki-v2/task/get
6927492937392324635,搜索 Wiki,ccm,wiki,v1,node,search,搜索 Wiki，用户通过关键词查询 Wiki，只能查找自己可见的 wiki。,basic,true,/document/ukTMukTMukTM/uEzN0YjLxcDN24SM3QjN/search_wiki,POST:/open-apis/wiki/v1/nodes/search,0,"[""isv"", ""custom""]",[],1757933329,true,1,https://open.feishu.cn/document/server-docs/docs/wiki-v2/search_wiki
7068199542315204636,创建文档,ccm,docx,v1,document,create,创建新版文档，文档标题和目录可选。,basic,true,/document/ukTMukTMukTM/uUDN04SN0QjL1QDN/document-docx/docx-v1/document/create,POST:/open-apis/docx/v1/documents,0,"[""isv"", ""custom""]",[],1752809918,true,1,https://open.feishu.cn/document/server-docs/docs/docs/docx-v1/document/create
7068199542315302940,获取文档基本信息,ccm,docx,v1,document,get,获取文档最新版本号、标题等,basic,true,/document/ukTMukTMukTM/uUDN04SN0QjL1QDN/document-docx/docx-v1/document/get,GET:/open-apis/docx/v1/documents/:document_id,0,"[""isv"", ""custom""]",[],1735881780,true,1,https://open.feishu.cn/document/server-docs/docs/docs/docx-v1/document/get
7079983676051013634,获取文档纯文本内容,ccm,docx,v1,document,raw_content,获取文档的纯文本内容。,basic,true,/document/ukTMukTMukTM/uUDN04SN0QjL1QDN/document-docx/docx-v1/document/raw_content,GET:/open-apis/docx/v1/documents/:document_id/raw_content,0,"[""isv"", ""custom""]",[],1735881780,true,1,https://open.feishu.cn/document/server-docs/docs/docs/docx-v1/document/raw_content
7068199542315352092,获取文档所有块,ccm,docx,v1,document.block,list,获取文档所有块的富文本内容并分页返回。,basic,true,/document/ukTMukTMukTM/uUDN04SN0QjL1QDN/document-docx/docx-v1/document-block/list,GET:/open-apis/docx/v1/documents/:document_id/blocks,0,"[""isv"", ""custom""]",[],1752809920,true,1,https://open.feishu.cn/document/server-docs/docs/docs/docx-v1/document/list
7068199542315270172,创建块,ccm,docx,v1,document.block.children,create,在指定块的子块列表中，新创建一批子块，并放置到指定位置。如果操作成功，接口将返回新创建子块的富文本内容。,basic,true,/document/ukTMukTMukTM/uUDN04SN0QjL1QDN/document-docx/docx-v1/document-block-children/create,POST:/open-apis/docx/v1/documents/:document_id/blocks/:block_id/children,0,"[""isv"", ""custom""]",[],1752809925,true,1,https://open.feishu.cn/document/server-docs/docs/docs/docx-v1/document-block/create
7324523155900366876,创建嵌套块,ccm,docx,v1,document.block.descendant,create,在指定块的子块列表中，新创建一批有父子关系的子块，并放置到指定位置。如果操作成功，接口将返回新创建子块的富文本内容。调用该接口前，你可参考[文档概述-基本概念](/ssl:ttdoc/ukTMukTMukTM/uUDN04SN0QjL1QDN/document-docx/docx-overview)了解块的父子关系规则。当创建的子块中含有 GridColumn、TableCell、Callout 时其中至少需要包含一个子块 ，即内容为空时也需要填入一个空 Text Block 作为子块。,basic,true,/document/ukTMukTMukTM/uUDN04SN0QjL1QDN/document-docx/docx-v1/document-block-descendant/create,POST:/open-apis/docx/v1/documents/:document_id/blocks/:block_id/descendant,0,"[""isv"", ""custom""]",[],1752809928,true,1,https://open.feishu.cn/document/docs/docs/document-block/create-2
7068199542315286556,更新块的内容,ccm,docx,v1,document.block,patch,更新指定块的内容。如果操作成功，接口将返回更新后的块的富文本内容。,basic,true,/document/ukTMukTMukTM/uUDN04SN0QjL1QDN/document-docx/docx-v1/document-block/patch,PATCH:/open-apis/docx/v1/documents/:document_id/blocks/:block_id,0,"[""isv"", ""custom""]",[],1758100535,true,1,https://open.feishu.cn/document/server-docs/docs/docs/docx-v1/document-block/patch
7068199542315368476,获取块的内容,ccm,docx,v1,document.block,get,指定块的 block id 获取指定块的富文本内容数据。,basic,true,/document/ukTMukTMukTM/uUDN04SN0QjL1QDN/document-docx/docx-v1/document-block/get,GET:/open-apis/docx/v1/documents/:document_id/blocks/:block_id,0,"[""isv"", ""custom""]",[],1752809933,true,1,https://open.feishu.cn/document/server-docs/docs/docs/docx-v1/document-block/get
7100866542866530308,批量更新块的内容,ccm,docx,v1,document.block,batch_update,批量更新块的富文本内容。,basic,true,/document/ukTMukTMukTM/uUDN04SN0QjL1QDN/document-docx/docx-v1/document-block/batch_update,PATCH:/open-apis/docx/v1/documents/:document_id/blocks/batch_update,0,"[""isv"", ""custom""]",[],1758100532,true,1,https://open.feishu.cn/document/server-docs/docs/docs/docx-v1/document-block/batch_update
7068199542315253788,获取所有子块,ccm,docx,v1,document.block.children,get,获取文档中指定块的所有子块的富文本内容并分页返回。文档版本号可选。,basic,true,/document/ukTMukTMukTM/uUDN04SN0QjL1QDN/document-docx/docx-v1/document-block-children/get,GET:/open-apis/docx/v1/documents/:document_id/blocks/:block_id/children,0,"[""isv"", ""custom""]",[],1752809938,true,1,https://open.feishu.cn/document/server-docs/docs/docs/docx-v1/document-block/get-2
7068199542315335708,删除块,ccm,docx,v1,document.block.children,batch_delete,指定需要操作的块，删除其指定范围的子块。如果操作成功，接口将返回应用删除操作后的文档版本号。,basic,true,/document/ukTMukTMukTM/uUDN04SN0QjL1QDN/document-docx/docx-v1/document-block-children/batch_delete,DELETE:/open-apis/docx/v1/documents/:document_id/blocks/:block_id/children/batch_delete,0,"[""isv"", ""custom""]",[],1752809938,true,1,https://open.feishu.cn/document/server-docs/docs/docs/docx-v1/document-block/batch_delete
7514526156452954140,Markdown/HTML 内容转换为文档块,ccm,docx,v1,document,convert,将 Markdown/HTML 格式的内容转换为文档块，以便于将 Markdown/HTML 格式的内容插入到文档中。目前支持转换为的块类型包含文本、一到九级标题、无序列表、有序列表、代码块、引用、待办事项、图片、表格、表格单元格。,basic,true,/document/ukTMukTMukTM/uUDN04SN0QjL1QDN/document-docx/docx-v1/document/convert,POST:/open-apis/docx/documents/blocks/convert,0,"[""isv"", ""custom""]",[],1756439436,true,1,https://open.feishu.cn/document/ukTMukTMukTM/uUDN04SN0QjL1QDN/document-docx/docx-v1/document/convert
6969763153149476865,创建电子表格,ccm,sheets,v3,spreadsheet,create,在指定目录下创建表格,basic,true,/document/ukTMukTMukTM/uUDN04SN0QjL1QDN/sheets-v3/spreadsheet/create,POST:/open-apis/sheets/v3/spreadsheets,0,"[""isv"", ""custom""]",[],1746601146,true,1,https://open.feishu.cn/document/server-docs/docs/sheets-v3/spreadsheet/create
7120425077330903068,修改电子表格属性,ccm,sheets,v3,spreadsheet,patch,该接口用于修改电子表格的属性,basic,true,/document/ukTMukTMukTM/uUDN04SN0QjL1QDN/sheets-v3/spreadsheet/patch,PATCH:/open-apis/sheets/v3/spreadsheets/:spreadsheet_token,0,"[""isv"", ""custom""]",[],1722417432,true,1,https://open.feishu.cn/document/server-docs/docs/sheets-v3/spreadsheet/patch
7120425077330919452,获取电子表格信息,ccm,sheets,v3,spreadsheet,get,该接口用于获取电子表格的基础信息。,basic,true,/document/ukTMukTMukTM/uUDN04SN0QjL1QDN/sheets-v3/spreadsheet/get,GET:/open-apis/sheets/v3/spreadsheets/:spreadsheet_token,0,"[""isv"", ""custom""]",[],1729677506,true,1,https://open.feishu.cn/document/server-docs/docs/sheets-v3/spreadsheet/get
6907569745299439618,操作工作表,ccm,ccm_sheet,old,default,spreadsheets/:spreadsheetToken/sheets_batch_update,根据 spreadsheetToken 更新工作表属性。,none,true,/document/ukTMukTMukTM/uYTMzUjL2EzM14iNxMTN,POST:/open-apis/sheets/v2/spreadsheets/:spreadsheetToken/sheets_batch_update,0,"[""isv"", ""custom""]",[],1732796955,false,1,https://open.feishu.cn/document/server-docs/docs/sheets-v3/spreadsheet-sheet/operate-sheets
6907569743419473922,更新工作表属性,ccm,ccm_sheet,old,default,spreadsheets/:spreadsheetToken/sheets_batch_update,根据 spreadsheetToken 更新工作表属性。,none,true,/document/ukTMukTMukTM/ugjMzUjL4IzM14COyMTN,POST:/open-apis/sheets/v2/spreadsheets/:spreadsheetToken/sheets_batch_update,0,"[""isv"", ""custom""]",[],1746601157,false,1,https://open.feishu.cn/document/server-docs/docs/sheets-v3/spreadsheet-sheet/update-sheet-properties
7120425077330952220,获取工作表,ccm,sheets,v3,spreadsheet.sheet,query,该接口用于获取电子表格下所有工作表及其属性。,basic,true,/document/ukTMukTMukTM/uUDN04SN0QjL1QDN/sheets-v3/spreadsheet-sheet/query,GET:/open-apis/sheets/v3/spreadsheets/:spreadsheet_token/sheets/query,0,"[""isv"", ""custom""]",[],1729677506,true,1,https://open.feishu.cn/document/server-docs/docs/sheets-v3/spreadsheet-sheet/query
7120425077330935836,查询工作表,ccm,sheets,v3,spreadsheet.sheet,get,该接口用于通过工作表ID查询工作表属性信息。,basic,true,/document/ukTMukTMukTM/uUDN04SN0QjL1QDN/sheets-v3/spreadsheet-sheet/get,GET:/open-apis/sheets/v3/spreadsheets/:spreadsheet_token/sheets/:sheet_id,0,"[""isv"", ""custom""]",[],1735881780,true,1,https://open.feishu.cn/document/server-docs/docs/sheets-v3/spreadsheet-sheet/get
6907569744333864961,增加行列,ccm,ccm_sheet,old,default,post#spreadsheets/:spreadsheetToken/dimension_range,根据 spreadsheetToken 和长度，在末尾增加空行/列；单次操作不超过5000行或列。,none,true,/document/ukTMukTMukTM/uUjMzUjL1IzM14SNyMTN,POST:/open-apis/sheets/v2/spreadsheets/:spreadsheetToken/dimension_range,0,"[""isv"", ""custom""]",[],1732796966,false,1,https://open.feishu.cn/document/server-docs/docs/sheets-v3/sheet-rowcol/add-rows-or-columns
6907569743420194818,插入行列,ccm,ccm_sheet,old,default,spreadsheets/:spreadsheetToken/insert_dimension_range,根据 spreadsheetToken 和维度信息 插入空行/列。如 startIndex=3， endIndex=7，则从第 4 行开始开始插入行列，一直到第 7 行，共插入 4 行；单次操作不超过5000行或列。,none,true,/document/ukTMukTMukTM/uQjMzUjL0IzM14CNyMTN,POST:/open-apis/sheets/v2/spreadsheets/:spreadsheetToken/insert_dimension_range,0,"[""isv"", ""custom""]",[],1723618537,false,1,https://open.feishu.cn/document/server-docs/docs/sheets-v3/sheet-rowcol/insert-rows-or-columns
6907569742383562754,更新行列,ccm,ccm_sheet,old,default,put#spreadsheets/:spreadsheetToken/dimension_range,根据 spreadsheetToken 和维度信息更新隐藏行列、单元格大小；单次操作不超过5000行或列。,none,true,/document/ukTMukTMukTM/uYjMzUjL2IzM14iNyMTN,PUT:/open-apis/sheets/v2/spreadsheets/:spreadsheetToken/dimension_range,0,"[""isv"", ""custom""]",[],1732796977,false,1,https://open.feishu.cn/document/server-docs/docs/sheets-v3/sheet-rowcol/update-rows-or-columns
6969403095454416924,移动行列,ccm,sheets,v3,spreadsheet.sheet,move_dimension,该接口用于移动行列，行列被移动到目标位置后，原本在目标位置的行列会对应右移或下移。,basic,true,/document/ukTMukTMukTM/uUDN04SN0QjL1QDN/sheets-v3/spreadsheet-sheet/move_dimension,POST:/open-apis/sheets/v3/spreadsheets/:spreadsheet_token/sheets/:sheet_id/move_dimension,0,"[""isv"", ""custom""]",[],1760148818,true,1,https://open.feishu.cn/document/server-docs/docs/sheets-v3/sheet-rowcol/move_dimension
6907569524100382721,删除行列,ccm,ccm_sheet,old,default,delete#spreadsheets/:spreadsheetToken/dimension_range,该接口用于根据 spreadsheetToken 和维度信息删除行/列 。单次删除最大5000行/列。,none,true,/document/ukTMukTMukTM/ucjMzUjL3IzM14yNyMTN,DELETE:/open-apis/sheets/v2/spreadsheets/:spreadsheetToken/dimension_range,0,"[""isv"", ""custom""]",[],1723618550,false,1,https://open.feishu.cn/document/server-docs/docs/sheets-v3/sheet-rowcol/-delete-rows-or-columns
6907569742387707906,合并单元格,ccm,ccm_sheet,old,default,spreadsheets/:spreadsheetToken/merge_cells,根据 spreadsheetToken 和维度信息合并单元格；单次操作不超过5000行，100列。,none,true,/document/ukTMukTMukTM/ukDNzUjL5QzM14SO0MTN,POST:/open-apis/sheets/v2/spreadsheets/:spreadsheetToken/merge_cells,0,"[""isv"", ""custom""]",[],1723618562,false,1,https://open.feishu.cn/document/server-docs/docs/sheets-v3/data-operation/merge-cells
6907569524100055041,拆分单元格,ccm,ccm_sheet,old,default,spreadsheets/:spreadsheetToken/unmerge_cells,根据 spreadsheetToken 和维度信息拆分单元格；单次操作不超过5000行，100列。,none,true,/document/ukTMukTMukTM/uATNzUjLwUzM14CM1MTN,POST:/open-apis/sheets/v2/spreadsheets/:spreadsheetToken/unmerge_cells,0,"[""isv"", ""custom""]",[],1732796988,false,1,https://open.feishu.cn/document/server-docs/docs/sheets-v3/data-operation/split-cells
6982374372208590850,查找单元格,ccm,sheets,v3,spreadsheet.sheet,find,在指定范围内查找符合查找条件的单元格。,basic,true,/document/ukTMukTMukTM/uUDN04SN0QjL1QDN/sheets-v3/spreadsheet-sheet/find,POST:/open-apis/sheets/v3/spreadsheets/:spreadsheet_token/sheets/:sheet_id/find,0,"[""isv"", ""custom""]",[],1722417436,true,1,https://open.feishu.cn/document/server-docs/docs/sheets-v3/data-operation/find
6982374372208607234,替换单元格,ccm,sheets,v3,spreadsheet.sheet,replace,按照指定的条件查找子表的某个范围内的数据符合条件的单元格并替换值，返回替换成功的单元格位置。一次请求最多允许替换5000个单元格，如果超过请将range缩小范围再操作。请求体中的 range、find、replaccement 字段必填。,basic,true,/document/ukTMukTMukTM/uUDN04SN0QjL1QDN/sheets-v3/spreadsheet-sheet/replace,POST:/open-apis/sheets/v3/spreadsheets/:spreadsheet_token/sheets/:sheet_id/replace,0,"[""isv"", ""custom""]",[],1722417437,true,1,https://open.feishu.cn/document/server-docs/docs/sheets-v3/data-operation/replace
6907569523176783873,设置单元格样式 ,ccm,ccm_sheet,old,default,spreadsheets/:spreadsheetToken/style,根据 spreadsheetToken 、range 和样式信息更新单元格样式；单次写入不超过5000行，100列。,none,true,/document/ukTMukTMukTM/ukjMzUjL5IzM14SOyMTN,PUT:/open-apis/sheets/v2/spreadsheets/:spreadsheetToken/style,0,"[""isv"", ""custom""]",[],1726646324,false,1,https://open.feishu.cn/document/server-docs/docs/sheets-v3/data-operation/set-cell-style
6907569742383923202,批量设置单元格样式 ,ccm,ccm_sheet,old,default,spreadsheets/:spreadsheetToken/styles_batch_update,根据 spreadsheetToken 、range和样式信息 批量更新单元格样式；单次写入不超过5000行，100列。,none,true,/document/ukTMukTMukTM/uAzMzUjLwMzM14CMzMTN,PUT:/open-apis/sheets/v2/spreadsheets/:spreadsheetToken/styles_batch_update,0,"[""isv"", ""custom""]",[],1723618587,false,1,https://open.feishu.cn/document/server-docs/docs/sheets-v3/data-operation/batch-set-cell-style
6907569742384398338,插入数据,ccm,ccm_sheet,old,default,spreadsheets/:spreadsheetToken/values_prepend,根据 spreadsheetToken 和 range 向范围之前增加相应数据的行和相应的数据，相当于数组的插入操作；单次写入不超过5000行，100列，每个格子不超过5万字符。,none,true,/document/ukTMukTMukTM/uIjMzUjLyIzM14iMyMTN,POST:/open-apis/sheets/v2/spreadsheets/:spreadsheetToken/values_prepend,0,"[""isv"", ""custom""]",[],1729677528,false,1,https://open.feishu.cn/document/server-docs/docs/sheets-v3/data-operation/prepend-data
6907569524100857857,追加数据,ccm,ccm_sheet,old,default,spreadsheets/:spreadsheetToken/values_append,根据 spreadsheetToken 和 range 遇到空行则进行覆盖追加或新增行追加数据。 空行：默认该行第一个格子是空，则认为是空行；单次写入不超过5000行，100列，每个格子不超过5万字符。,none,true,/document/ukTMukTMukTM/uMjMzUjLzIzM14yMyMTN,POST:/open-apis/sheets/v2/spreadsheets/:spreadsheetToken/values_append,0,"[""isv"", ""custom""]",[],1751892606,false,1,https://open.feishu.cn/document/server-docs/docs/sheets-v3/data-operation/append-data
6907568073252585474,写入图片,ccm,ccm_sheet,old,default,spreadsheets/:spreadsheetToken/values_image,根据 spreadsheetToken 和 range 向单个格子写入图片。,none,true,/document/ukTMukTMukTM/uUDNxYjL1QTM24SN0EjN,POST:/open-apis/sheets/v2/spreadsheets/:spreadsheetToken/values_image,0,"[""isv"", ""custom""]",[],1741160307,false,1,https://open.feishu.cn/document/server-docs/docs/sheets-v3/data-operation/write-images
6907569742384529410,读取单个范围,ccm,ccm_sheet,old,default,spreadsheets/:spreadsheetToken/values/:range,根据 spreadsheetToken 和 range 读取表格单个范围的值，返回数据限制为10M。,none,true,/document/ukTMukTMukTM/ugTMzUjL4EzM14COxMTN,GET:/open-apis/sheets/v2/spreadsheets/:spreadsheetToken/values/:range,0,"[""isv"", ""custom""]",[],1729677571,false,1,https://open.feishu.cn/document/server-docs/docs/sheets-v3/data-operation/reading-a-single-range
6907569743420325890,读取多个范围,ccm,ccm_sheet,old,default,spreadsheets/:spreadsheetToken/values_batch_get,根据 spreadsheetToken 和 ranges 读取表格多个范围的值，返回数据限制为10M。,none,true,/document/ukTMukTMukTM/ukTMzUjL5EzM14SOxMTN,GET:/open-apis/sheets/v2/spreadsheets/:spreadsheetToken/values_batch_get,0,"[""isv"", ""custom""]",[],1729677592,false,1,https://open.feishu.cn/document/server-docs/docs/sheets-v3/data-operation/reading-multiple-ranges
6907569745298980866,向单个范围写入数据,ccm,ccm_sheet,old,default,spreadsheets/:spreadsheetToken/values,根据 spreadsheetToken 和 range 向单个范围写入数据，若范围内有数据，将被更新覆盖；单次写入不超过5000行，100列，每个格子不超过5万字符。,none,true,/document/ukTMukTMukTM/uAjMzUjLwIzM14CMyMTN,PUT:/open-apis/sheets/v2/spreadsheets/:spreadsheetToken/values,0,"[""isv"", ""custom""]",[],1742457358,false,1,https://open.feishu.cn/document/server-docs/docs/sheets-v3/data-operation/write-data-to-a-single-range
6907569742384381954,向多个范围写入数据,ccm,ccm_sheet,old,default,spreadsheets/:spreadsheetToken/values_batch_update,根据 spreadsheetToken 和 range 向多个范围写入数据，若范围内有数据，将被更新覆盖；单次写入不超过5000行，100列，每个格子不超过5万字符。,none,true,/document/ukTMukTMukTM/uEjMzUjLxIzM14SMyMTN,POST:/open-apis/sheets/v2/spreadsheets/:spreadsheetToken/values_batch_update,0,"[""isv"", ""custom""]",[],1729677692,false,1,https://open.feishu.cn/document/server-docs/docs/sheets-v3/data-operation/write-data-to-multiple-ranges
6966945328390668290,创建筛选,ccm,sheets,v3,spreadsheet.sheet.filter,create,在子表内创建筛选。,basic,true,/document/ukTMukTMukTM/uUDN04SN0QjL1QDN/sheets-v3/spreadsheet-sheet-filter/create,POST:/open-apis/sheets/v3/spreadsheets/:spreadsheet_token/sheets/:sheet_id/filter,0,"[""isv"", ""custom""]",[],1722417437,true,1,https://open.feishu.cn/document/server-docs/docs/sheets-v3/spreadsheet-sheet-filter/create
6966945328390684674,更新筛选,ccm,sheets,v3,spreadsheet.sheet.filter,update,更新子表筛选范围中的列筛选条件。,basic,true,/document/ukTMukTMukTM/uUDN04SN0QjL1QDN/sheets-v3/spreadsheet-sheet-filter/update,PUT:/open-apis/sheets/v3/spreadsheets/:spreadsheet_token/sheets/:sheet_id/filter,0,"[""isv"", ""custom""]",[],1722417437,true,1,https://open.feishu.cn/document/server-docs/docs/sheets-v3/spreadsheet-sheet-filter/update
6966945328390651906,获取筛选,ccm,sheets,v3,spreadsheet.sheet.filter,get,获取子表的详细筛选信息,basic,true,/document/ukTMukTMukTM/uUDN04SN0QjL1QDN/sheets-v3/spreadsheet-sheet-filter/get,GET:/open-apis/sheets/v3/spreadsheets/:spreadsheet_token/sheets/:sheet_id/filter,0,"[""isv"", ""custom""]",[],1722417437,true,1,https://open.feishu.cn/document/server-docs/docs/sheets-v3/spreadsheet-sheet-filter/get
6966945328390701058,删除筛选,ccm,sheets,v3,spreadsheet.sheet.filter,delete,删除子表的筛选,basic,true,/document/ukTMukTMukTM/uUDN04SN0QjL1QDN/sheets-v3/spreadsheet-sheet-filter/delete,DELETE:/open-apis/sheets/v3/spreadsheets/:spreadsheet_token/sheets/:sheet_id/filter,0,"[""isv"", ""custom""]",[],1722417437,true,1,https://open.feishu.cn/document/server-docs/docs/sheets-v3/spreadsheet-sheet-filter/delete
6970504825797672963,创建筛选视图,ccm,sheets,v3,spreadsheet.sheet.filter_view,create,根据传入的参数创建一个筛选视图。Id 和 名字可选，不填的话会默认生成；range 必填。Id 长度为10，由 0-9、a-z、A-Z 组合生成。名字长度不超过100。单个子表内的筛选视图个数不超过 150。,basic,true,/document/ukTMukTMukTM/uUDN04SN0QjL1QDN/sheets-v3/spreadsheet-sheet-filter_view/create,POST:/open-apis/sheets/v3/spreadsheets/:spreadsheet_token/sheets/:sheet_id/filter_views,0,"[""isv"", ""custom""]",[],1722417438,true,1,https://open.feishu.cn/document/server-docs/docs/sheets-v3/spreadsheet-sheet-filter_view/create
6970504825797591043,更新筛选视图,ccm,sheets,v3,spreadsheet.sheet.filter_view,patch,更新筛选视图的名字或者筛选范围。名字长度不超过100，不能重复即子表内唯一；筛选范围不超过子表的最大范围。,basic,true,/document/ukTMukTMukTM/uUDN04SN0QjL1QDN/sheets-v3/spreadsheet-sheet-filter_view/patch,PATCH:/open-apis/sheets/v3/spreadsheets/:spreadsheet_token/sheets/:sheet_id/filter_views/:filter_view_id,0,"[""isv"", ""custom""]",[],1722417438,true,1,https://open.feishu.cn/document/server-docs/docs/sheets-v3/spreadsheet-sheet-filter_view/patch
6970504825797574659,查询筛选视图,ccm,sheets,v3,spreadsheet.sheet.filter_view,query,查询子表内所有的筛选视图基本信息，包括 id、name 和 range,basic,true,/document/ukTMukTMukTM/uUDN04SN0QjL1QDN/sheets-v3/spreadsheet-sheet-filter_view/query,GET:/open-apis/sheets/v3/spreadsheets/:spreadsheet_token/sheets/:sheet_id/filter_views/query,0,"[""isv"", ""custom""]",[],1722417438,true,1,https://open.feishu.cn/document/server-docs/docs/sheets-v3/spreadsheet-sheet-filter_view/query
6970504825797558275,获取筛选视图,ccm,sheets,v3,spreadsheet.sheet.filter_view,get,获取指定筛选视图 id 的名字和筛选范围。,basic,true,/document/ukTMukTMukTM/uUDN04SN0QjL1QDN/sheets-v3/spreadsheet-sheet-filter_view/get,GET:/open-apis/sheets/v3/spreadsheets/:spreadsheet_token/sheets/:sheet_id/filter_views/:filter_view_id,0,"[""isv"", ""custom""]",[],1722417438,true,1,https://open.feishu.cn/document/server-docs/docs/sheets-v3/spreadsheet-sheet-filter_view/get
6970504825797689347,删除筛选视图,ccm,sheets,v3,spreadsheet.sheet.filter_view,delete,删除指定 id 对应的筛选视图。,basic,true,/document/ukTMukTMukTM/uUDN04SN0QjL1QDN/sheets-v3/spreadsheet-sheet-filter_view/delete,DELETE:/open-apis/sheets/v3/spreadsheets/:spreadsheet_token/sheets/:sheet_id/filter_views/:filter_view_id,0,"[""isv"", ""custom""]",[],1722417438,true,1,https://open.feishu.cn/document/server-docs/docs/sheets-v3/spreadsheet-sheet-filter_view/delete
6970504825797705731,创建筛选条件,ccm,sheets,v3,spreadsheet.sheet.filter_view.condition,create,在筛选视图的筛选范围的某一列创建筛选条件。,basic,true,/document/ukTMukTMukTM/uUDN04SN0QjL1QDN/sheets-v3/spreadsheet-sheet-filter_view-condition/create,POST:/open-apis/sheets/v3/spreadsheets/:spreadsheet_token/sheets/:sheet_id/filter_views/:filter_view_id/conditions,0,"[""isv"", ""custom""]",[],1722417439,true,1,https://open.feishu.cn/document/server-docs/docs/sheets-v3/spreadsheet-sheet-filter_view/spreadsheet-sheet-filter_view-condition/create
6970504825797541891,更新筛选条件,ccm,sheets,v3,spreadsheet.sheet.filter_view.condition,update,更新筛选视图范围的某列的筛选条件，condition id 即为列的字母号。,basic,true,/document/ukTMukTMukTM/uUDN04SN0QjL1QDN/sheets-v3/spreadsheet-sheet-filter_view-condition/update,PUT:/open-apis/sheets/v3/spreadsheets/:spreadsheet_token/sheets/:sheet_id/filter_views/:filter_view_id/conditions/:condition_id,0,"[""isv"", ""custom""]",[],1722417439,true,1,https://open.feishu.cn/document/server-docs/docs/sheets-v3/spreadsheet-sheet-filter_view/spreadsheet-sheet-filter_view-condition/update
6970504825797607427,查询筛选条件,ccm,sheets,v3,spreadsheet.sheet.filter_view.condition,query,查询一个筛选视图的所有筛选条件，返回筛选视图的筛选范围内的筛选条件。,basic,true,/document/ukTMukTMukTM/uUDN04SN0QjL1QDN/sheets-v3/spreadsheet-sheet-filter_view-condition/query,GET:/open-apis/sheets/v3/spreadsheets/:spreadsheet_token/sheets/:sheet_id/filter_views/:filter_view_id/conditions/query,0,"[""isv"", ""custom""]",[],1722417439,true,1,https://open.feishu.cn/document/server-docs/docs/sheets-v3/spreadsheet-sheet-filter_view/spreadsheet-sheet-filter_view-condition/query
6970504825797623811,获取筛选条件,ccm,sheets,v3,spreadsheet.sheet.filter_view.condition,get,获取筛选视图某列的筛选条件信息。,basic,true,/document/ukTMukTMukTM/uUDN04SN0QjL1QDN/sheets-v3/spreadsheet-sheet-filter_view-condition/get,GET:/open-apis/sheets/v3/spreadsheets/:spreadsheet_token/sheets/:sheet_id/filter_views/:filter_view_id/conditions/:condition_id,0,"[""isv"", ""custom""]",[],1722417439,true,1,https://open.feishu.cn/document/server-docs/docs/sheets-v3/spreadsheet-sheet-filter_view/spreadsheet-sheet-filter_view-condition/get
6970504825797640195,删除筛选条件,ccm,sheets,v3,spreadsheet.sheet.filter_view.condition,delete,删除筛选视图的筛选范围某一列的筛选条件。,basic,true,/document/ukTMukTMukTM/uUDN04SN0QjL1QDN/sheets-v3/spreadsheet-sheet-filter_view-condition/delete,DELETE:/open-apis/sheets/v3/spreadsheets/:spreadsheet_token/sheets/:sheet_id/filter_views/:filter_view_id/conditions/:condition_id,0,"[""isv"", ""custom""]",[],1722417439,true,1,https://open.feishu.cn/document/server-docs/docs/sheets-v3/spreadsheet-sheet-filter_view/spreadsheet-sheet-filter_view-condition/delete
6907569742383988738,增加保护范围,ccm,ccm_sheet,old,default,spreadsheets/:spreadsheetToken/protected_dimension,根据 spreadsheetToken 和维度信息增加多个保护范围；单次操作不超过5000行或列。,none,true,/document/ukTMukTMukTM/ugDNzUjL4QzM14CO0MTN,POST:/open-apis/sheets/v2/spreadsheets/:spreadsheetToken/protected_dimension,0,"[""isv"", ""custom""]",[],1760063200,false,1,https://open.feishu.cn/document/server-docs/docs/sheets-v3/protect-range/add-locked-cells
6923123667871612956,修改保护范围,ccm,ccm_sheet,old,default,spreadsheets/:spreadsheetToken/protected_range_batch_update,根据保护范围ID修改保护范围，单次最多支持同时修改10个ID。,none,true,/document/ukTMukTMukTM/uUTM5YjL1ETO24SNxkjN,POST:/open-apis/sheets/v2/spreadsheets/:spreadsheetToken/protected_range_batch_update,0,"[""isv"", ""custom""]",[],1721123433,false,1,https://open.feishu.cn/document/server-docs/docs/sheets-v3/protect-range/modify-protection-scopes
6923123667871596572,获取保护范围,ccm,ccm_sheet,old,default,spreadsheets/:spreadsheetToken/protected_range_batch_get,根据保护范围ID查询详细的保护行列信息，最多支持同时查询5个ID。,none,true,/document/ukTMukTMukTM/uQTM5YjL0ETO24CNxkjN,GET:/open-apis/sheets/v2/spreadsheets/:spreadsheetToken/protected_range_batch_get,0,"[""isv"", ""custom""]",[],1723618710,false,1,https://open.feishu.cn/document/server-docs/docs/sheets-v3/protect-range/retrieve-protection-scopes
6923123667871629340,删除保护范围,ccm,ccm_sheet,old,default,spreadsheets/:spreadsheetToken/protected_range_batch_del,根据保护范围ID删除保护范围，最多支持同时删除10个ID。,none,true,/document/ukTMukTMukTM/uYTM5YjL2ETO24iNxkjN,DELETE:/open-apis/sheets/v2/spreadsheets/:spreadsheetToken/protected_range_batch_del,0,"[""isv"", ""custom""]",[],1732796999,false,1,https://open.feishu.cn/document/server-docs/docs/sheets-v3/protect-range/delete-protection-scopes
6943917246700290050,设置下拉列表,ccm,ccm_sheet,old,default,post#spreadsheets/:spreadsheetToken/dataValidation,根据 spreadsheetToken 、range 和下拉列表属性给单元格设置下拉列表规则；单次设置范围不超过5000行，100列。当一个数据区域中已有数据，支持将有效数据直接转为选项。,none,true,/document/ukTMukTMukTM/uATMzUjLwEzM14CMxMTN/datavalidation/set-dropdown,POST:/open-apis/sheets/v2/spreadsheets/:spreadsheetToken/dataValidation,0,"[""isv"", ""custom""]",[],1754385327,false,1,https://open.feishu.cn/document/server-docs/docs/sheets-v3/datavalidation/set-dropdown
6943917246700322818,更新下拉列表设置,ccm,ccm_sheet,old,default,spreadsheets/:spreadsheetToken/dataValidation/:sheetId/:dataValidationId,根据 spreadsheetToken 、sheetId、dataValidationId 更新下拉列表的属性。,none,true,/document/ukTMukTMukTM/uATMzUjLwEzM14CMxMTN/datavalidation/update-datavalidation,PUT:/open-apis/sheets/v2/spreadsheets/:spreadsheetToken/dataValidation/:sheetId/:dataValidationId,0,"[""isv"", ""custom""]",[],1755243175,false,1,https://open.feishu.cn/document/server-docs/docs/sheets-v3/datavalidation/update-datavalidation
6943917246700306434,查询下拉列表设置,ccm,ccm_sheet,old,default,get#spreadsheets/:spreadsheetToken/dataValidation,根据 spreadsheetToken 、range 查询range内的下拉列表设置信息；单次查询范围不超过5000行，100列。,none,true,/document/ukTMukTMukTM/uATMzUjLwEzM14CMxMTN/datavalidation/query-datavalidation,GET:/open-apis/sheets/v2/spreadsheets/:spreadsheetToken/dataValidation,0,"[""isv"", ""custom""]",[],1755243197,false,1,https://open.feishu.cn/document/server-docs/docs/sheets-v3/datavalidation/query-datavalidation
6943917246700257282,删除下拉列表设置,ccm,ccm_sheet,old,default,delete#spreadsheets/:spreadsheetToken/dataValidation,根据 spreadsheetToken 、range 移除选定数据范围单元格的下拉列表设置，但保留选项文本。单个删除范围不超过5000单元格。单次请求range最大数量100个。,none,true,/document/ukTMukTMukTM/uATMzUjLwEzM14CMxMTN/datavalidation/delete-datavalidation,DELETE:/open-apis/sheets/v2/spreadsheets/:spreadsheetToken/dataValidation,0,"[""isv"", ""custom""]",[],1755243220,false,1,https://open.feishu.cn/document/server-docs/docs/sheets-v3/datavalidation/delete-datavalidation
6939784115499892764,批量创建条件格式,ccm,ccm_sheet,old,default,spreadsheets/:spreadsheetToken/condition_formats/batch_create,创建新的条件格式，单次最多支持增加10个条件格式，每个条件格式的设置会返回成功或者失败，失败的情况包括各种参数的校验。,none,true,/document/ukTMukTMukTM/uATMzUjLwEzM14CMxMTN/conditionformat/condition-format-set,POST:/open-apis/sheets/v2/spreadsheets/:spreadsheetToken/condition_formats/batch_create,0,"[""isv"", ""custom""]",[],1729687295,false,1,https://open.feishu.cn/document/server-docs/docs/sheets-v3/conditionformat/condition-format-set
6939784115499925532,批量更新条件格式,ccm,ccm_sheet,old,default,spreadsheets/:spreadsheetToken/condition_formats/batch_update,更新已有的条件格式，单次最多支持更新10个条件格式，每个条件格式的更新会返回成功或者失败，失败的情况包括各种参数的校验。,none,true,/document/ukTMukTMukTM/uATMzUjLwEzM14CMxMTN/conditionformat/condition-format-update,POST:/open-apis/sheets/v2/spreadsheets/:spreadsheetToken/condition_formats/batch_update,0,"[""isv"", ""custom""]",[],1723186022,false,1,https://open.feishu.cn/document/server-docs/docs/sheets-v3/conditionformat/condition-format-update
6939784115499909148,批量获取条件格式,ccm,ccm_sheet,old,default,spreadsheets/:spreadsheetToken/condition_formats,根据sheetId查询详细的条件格式信息，最多支持同时查询10个sheetId。,none,true,/document/ukTMukTMukTM/uATMzUjLwEzM14CMxMTN/conditionformat/condition-format-get,GET:/open-apis/sheets/v2/spreadsheets/:spreadsheetToken/condition_formats,0,"[""isv"", ""custom""]",[],1723186034,false,1,https://open.feishu.cn/document/server-docs/docs/sheets-v3/conditionformat/condition-format-get
6939784115499859996,批量删除条件格式,ccm,ccm_sheet,old,default,spreadsheets/:spreadsheetToken/condition_formats/batch_delete,删除已有的条件格式，单次最多支持删除10个条件格式，每个条件格式的删除会返回成功或者失败，失败的情况包括各种参数的校验。,none,true,/document/ukTMukTMukTM/uATMzUjLwEzM14CMxMTN/conditionformat/condition-format-delete,DELETE:/open-apis/sheets/v2/spreadsheets/:spreadsheetToken/condition_formats/batch_delete,0,"[""isv"", ""custom""]",[],1723186046,false,1,https://open.feishu.cn/document/server-docs/docs/sheets-v3/conditionformat/condition-format-delete
6976178542817230851,创建浮动图片,ccm,sheets,v3,spreadsheet.sheet.float_image,create,根据传入的参数创建一张浮动图片。Float_image_token （[上传图片至表格后得到](/ssl:ttdoc/uAjLw4CM/ukTMukTMukTM/reference/drive-v1/media/upload_all)）和range（只支持一个单元格） 必填。Float_image_id 可选，不填的话会默认生成，长度为10，由 0-9、a-z、A-Z 组合生成。表格内不重复的图片（浮动图片+单元格图片）总数不超过4000。width 和 height 为图片展示的宽高，可选，不填的话会使用图片的真实宽高。offset_x 和 offset_y 为图片左上角距离所在单元格左上角的偏移，可选，默认为 0。,basic,true,/document/ukTMukTMukTM/uUDN04SN0QjL1QDN/sheets-v3/spreadsheet-sheet-float_image/create,POST:/open-apis/sheets/v3/spreadsheets/:spreadsheet_token/sheets/:sheet_id/float_images,0,"[""isv"", ""custom""]",[],1744612290,true,1,https://open.feishu.cn/document/server-docs/docs/sheets-v3/spreadsheet-sheet-float_image/create
6976178542817280003,更新浮动图片,ccm,sheets,v3,spreadsheet.sheet.float_image,patch,更新已有的浮动图片位置和宽高，包括 range、width、height、offset_x 和 offset_y，不包括 float_image_id 和 float_image_token。,basic,true,/document/ukTMukTMukTM/uUDN04SN0QjL1QDN/sheets-v3/spreadsheet-sheet-float_image/patch,PATCH:/open-apis/sheets/v3/spreadsheets/:spreadsheet_token/sheets/:sheet_id/float_images/:float_image_id,0,"[""isv"", ""custom""]",[],1725881497,true,1,https://open.feishu.cn/document/server-docs/docs/sheets-v3/spreadsheet-sheet-float_image/patch
6976178542817247235,获取浮动图片,ccm,sheets,v3,spreadsheet.sheet.float_image,get,根据 float_image_id 获取对应浮动图片的信息。,basic,true,/document/ukTMukTMukTM/uUDN04SN0QjL1QDN/sheets-v3/spreadsheet-sheet-float_image/get,GET:/open-apis/sheets/v3/spreadsheets/:spreadsheet_token/sheets/:sheet_id/float_images/:float_image_id,0,"[""isv"", ""custom""]",[],1725881497,true,1,https://open.feishu.cn/document/server-docs/docs/sheets-v3/spreadsheet-sheet-float_image/get
6976178542817263619,查询浮动图片,ccm,sheets,v3,spreadsheet.sheet.float_image,query,返回子表内所有的浮动图片信息。,basic,true,/document/ukTMukTMukTM/uUDN04SN0QjL1QDN/sheets-v3/spreadsheet-sheet-float_image/query,GET:/open-apis/sheets/v3/spreadsheets/:spreadsheet_token/sheets/:sheet_id/float_images/query,0,"[""isv"", ""custom""]",[],1725881497,true,1,https://open.feishu.cn/document/server-docs/docs/sheets-v3/spreadsheet-sheet-float_image/query
6976178542817296387,删除浮动图片,ccm,sheets,v3,spreadsheet.sheet.float_image,delete,删除 float_image_id 对应的浮动图片。,basic,true,/document/ukTMukTMukTM/uUDN04SN0QjL1QDN/sheets-v3/spreadsheet-sheet-float_image/delete,DELETE:/open-apis/sheets/v3/spreadsheets/:spreadsheet_token/sheets/:sheet_id/float_images/:float_image_id,0,"[""isv"", ""custom""]",[],1725881497,true,1,https://open.feishu.cn/document/server-docs/docs/sheets-v3/spreadsheet-sheet-float_image/delete
6987581166854635521,增加协作者权限,ccm,drive,v1,permission.member,create,该接口用于根据 filetoken 给用户增加文档的权限。,basic,true,/document/uAjLw4CM/ukTMukTMukTM/reference/drive-v1/permission-member/create,POST:/open-apis/drive/v1/permissions/:token/members,0,"[""isv"", ""custom""]",[],1751544851,true,1,https://open.feishu.cn/document/server-docs/docs/permission/permission-member/create
7281248568152981507,批量增加协作者权限,ccm,drive,v1,permission.member,batch_create,,basic,true,/document/uAjLw4CM/ukTMukTMukTM/reference/drive-v1/permission-member/batch_create,POST:/open-apis/drive/v1/permissions/:token/members/batch_create,0,"[""isv"", ""custom""]",[],1751544860,true,1,https://open.feishu.cn/document/docs/permission/permission-member/batch_create
6998069547745230876,更新协作者权限,ccm,drive,v1,permission.member,update,该接口用于根据 filetoken 更新文档协作者的权限。,basic,true,/document/uAjLw4CM/ukTMukTMukTM/reference/drive-v1/permission-member/update,PUT:/open-apis/drive/v1/permissions/:token/members/:member_id,0,"[""isv"", ""custom""]",[],1751544860,true,1,https://open.feishu.cn/document/server-docs/docs/permission/permission-member/update
7121656165336367106,获取云文档协作者,ccm,drive,v1,permission.member,list,该接口用于根据 filetoken 查询协作者,basic,true,/document/uAjLw4CM/ukTMukTMukTM/reference/drive-v1/permission-member/list,GET:/open-apis/drive/v1/permissions/:token/members,0,"[""isv"", ""custom""]",[],1751544860,true,1,https://open.feishu.cn/document/server-docs/docs/permission/permission-member/list
6998069547745214492,移除云文档协作者权限,ccm,drive,v1,permission.member,delete,该接口用于根据 filetoken 移除文档协作者的权限。,basic,true,/document/uAjLw4CM/ukTMukTMukTM/reference/drive-v1/permission-member/delete,DELETE:/open-apis/drive/v1/permissions/:token/members/:member_id,0,"[""isv"", ""custom""]",[],1751544860,true,1,https://open.feishu.cn/document/server-docs/docs/permission/permission-member/delete
7186547801970507777,转移云文档所有者,ccm,drive,v1,permission.member,transfer_owner,该接口用于根据 filetoken 和用户信息转移文件的所有者。,basic,true,/document/uAjLw4CM/ukTMukTMukTM/reference/drive-v1/permission-member/transfer_owner,POST:/open-apis/drive/v1/permissions/:token/members/transfer_owner,0,"[""isv"", ""custom""]",[],1751544860,true,1,https://open.feishu.cn/document/server-docs/docs/permission/permission-member/transfer_owner
7186547801970524161,判断用户云文档权限,ccm,drive,v1,permission.member,auth,该接口用于根据 filetoken 判断当前登录用户是否具有某权限。,basic,true,/document/uAjLw4CM/ukTMukTMukTM/reference/drive-v1/permission-member/auth,GET:/open-apis/drive/v1/permissions/:token/members/auth,0,"[""isv"", ""custom""]",[],1751544861,true,1,https://open.feishu.cn/document/server-docs/docs/permission/permission-member/auth
7224057619119128580,更新云文档权限设置,ccm,drive,v2,permission.public,patch,,basic,true,/document/ukTMukTMukTM/uIzNzUjLyczM14iM3MTN/drive-v2/permission-public/patch,PATCH:/open-apis/drive/v2/permissions/:token/public,0,"[""isv"", ""custom""]",[],1751544869,true,1,https://open.feishu.cn/document/server-docs/docs/permission/permission-public/patch-2
7224057619119112196,获取云文档权限设置,ccm,drive,v2,permission.public,get,,basic,true,/document/ukTMukTMukTM/uIzNzUjLyczM14iM3MTN/drive-v2/permission-public/get,GET:/open-apis/drive/v2/permissions/:token/public,0,"[""isv"", ""custom""]",[],1751546068,true,1,https://open.feishu.cn/document/server-docs/docs/permission/permission-public/get-2
7220305453616152580,启用云文档密码,ccm,drive,v1,permission.public.password,create,,basic,true,/document/uAjLw4CM/ukTMukTMukTM/reference/drive-v1/permission-public-password/create,POST:/open-apis/drive/v1/permissions/:token/public/password,0,"[""isv"", ""custom""]",[],1751544886,true,1,https://open.feishu.cn/document/server-docs/docs/permission/permission-public/permission-public-password/create
7220305453616168964,刷新云文档密码,ccm,drive,v1,permission.public.password,update,,basic,true,/document/uAjLw4CM/ukTMukTMukTM/reference/drive-v1/permission-public-password/update,PUT:/open-apis/drive/v1/permissions/:token/public/password,0,"[""isv"", ""custom""]",[],1751544895,true,1,https://open.feishu.cn/document/server-docs/docs/permission/permission-public/permission-public-password/update
7220305453616185348,停用云文档密码,ccm,drive,v1,permission.public.password,delete,,basic,true,/document/uAjLw4CM/ukTMukTMukTM/reference/drive-v1/permission-public-password/delete,DELETE:/open-apis/drive/v1/permissions/:token/public/password,0,"[""isv"", ""custom""]",[],1751544903,true,1,https://open.feishu.cn/document/server-docs/docs/permission/permission-public/permission-public-password/delete
6955017385137799169,获取云文档所有评论,ccm,drive,v1,file.comment,list,该接口用于根据文档 token 分页获取文档评论。,basic,true,/document/uAjLw4CM/ukTMukTMukTM/reference/drive-v1/file-comment/list,GET:/open-apis/drive/v1/files/:file_token/comments,0,"[""isv"", ""custom""]",[],1744103612,true,1,https://open.feishu.cn/document/server-docs/docs/CommentAPI/list
7123144042921590786,批量获取评论,ccm,drive,v1,file.comment,batch_query,该接口用于根据评论 ID 列表批量获取评论。,basic,true,/document/uAjLw4CM/ukTMukTMukTM/reference/drive-v1/file-comment/batch_query,POST:/open-apis/drive/v1/files/:file_token/comments/batch_query,0,"[""isv"", ""custom""]",[],1744103612,true,1,https://open.feishu.cn/document/server-docs/docs/CommentAPI/batch_query
6955017385137766401,解决/恢复评论,ccm,drive,v1,file.comment,patch,解决或恢复云文档中的评论。,basic,true,/document/uAjLw4CM/ukTMukTMukTM/reference/drive-v1/file-comment/patch,PATCH:/open-apis/drive/v1/files/:file_token/comments/:comment_id,0,"[""isv"", ""custom""]",[],1744103612,true,1,https://open.feishu.cn/document/server-docs/docs/CommentAPI/patch
6955017385137750017,添加全文评论,ccm,drive,v1,file.comment,create,往云文档添加一条全局评论。,basic,true,/document/uAjLw4CM/ukTMukTMukTM/reference/drive-v1/file-comment/create,POST:/open-apis/drive/v1/files/:file_token/comments,0,"[""isv"", ""custom""]",[],1748241632,true,1,https://open.feishu.cn/document/server-docs/docs/CommentAPI/create
6955017385137782785,获取全文评论,ccm,drive,v1,file.comment,get,获取云文档中的某条评论。,basic,true,/document/uAjLw4CM/ukTMukTMukTM/reference/drive-v1/file-comment/get,GET:/open-apis/drive/v1/files/:file_token/comments/:comment_id,0,"[""isv"", ""custom""]",[],1748241642,true,1,https://open.feishu.cn/document/server-docs/docs/CommentAPI/get
7123144042921607170,获取回复信息,ccm,drive,v1,file.comment.reply,list,该接口用于根据评论 ID 以及分页参数，获取回复。,basic,true,/document/uAjLw4CM/ukTMukTMukTM/reference/drive-v1/file-comment-reply/list,GET:/open-apis/drive/v1/files/:file_token/comments/:comment_id/replies,0,"[""isv"", ""custom""]",[],1744103613,true,1,https://open.feishu.cn/document/server-docs/docs/CommentAPI/list-2
6955017385137733633,更新回复的内容,ccm,drive,v1,file.comment.reply,update,更新云文档中的某条回复。,basic,true,/document/uAjLw4CM/ukTMukTMukTM/reference/drive-v1/file-comment-reply/update,PUT:/open-apis/drive/v1/files/:file_token/comments/:comment_id/replies/:reply_id,0,"[""isv"", ""custom""]",[],1744103613,true,1,https://open.feishu.cn/document/server-docs/docs/CommentAPI/update
6955017385137717249,删除回复,ccm,drive,v1,file.comment.reply,delete,删除云文档中的某条回复。,basic,true,/document/uAjLw4CM/ukTMukTMukTM/reference/drive-v1/file-comment-reply/delete,DELETE:/open-apis/drive/v1/files/:file_token/comments/:comment_id/replies/:reply_id,0,"[""isv"", ""custom""]",[],1743141928,true,1,https://open.feishu.cn/document/server-docs/docs/CommentAPI/delete
7065964758428516380,获取订阅状态,ccm,drive,v1,file.subscription,get,根据订阅ID获取该订阅的状态,basic,true,/document/uAjLw4CM/ukTMukTMukTM/reference/drive-v1/file-subscription/get,GET:/open-apis/drive/v1/files/:file_token/subscriptions/:subscription_id,0,"[""isv"", ""custom""]",[],1703835068,true,1,https://open.feishu.cn/document/server-docs/docs/docs-assistant/file-subscription/get
7065964758428483612,创建订阅,ccm,drive,v1,file.subscription,create,订阅文档中的变更事件，当前支持文档评论订阅，订阅后文档评论更新会有“云文档助手”推送给订阅的用户,basic,true,/document/uAjLw4CM/ukTMukTMukTM/reference/drive-v1/file-subscription/create,POST:/open-apis/drive/v1/files/:file_token/subscriptions,0,"[""isv"", ""custom""]",[],1703835068,true,1,https://open.feishu.cn/document/server-docs/docs/docs-assistant/file-subscription/create
7065964758428499996,更新订阅状态,ccm,drive,v1,file.subscription,patch,根据订阅ID更新订阅状态,basic,true,/document/uAjLw4CM/ukTMukTMukTM/reference/drive-v1/file-subscription/patch,PATCH:/open-apis/drive/v1/files/:file_token/subscriptions/:subscription_id,0,"[""isv"", ""custom""]",[],1703835069,true,1,https://open.feishu.cn/document/server-docs/docs/docs-assistant/file-subscription/patch
7437110392792858625,获取云文档内容,ccm,docs,v1,content,get,,basic,true,/document/ukTMukTMukTM/uUDN04SN0QjL1QDN/docs-v1/content/get,GET:/open-apis/docs/v1/content,0,"[""isv"", ""custom""]",[],1755223521,true,1,https://open.feishu.cn/document/docs/docs-v1/get
6908984614439829506,创建旧版文档,ccm,ccm_doc,old,default,create,创建并初始化文档。,none,true,/document/ukTMukTMukTM/ugDM2YjL4AjN24COwYjN,POST:/open-apis/doc/v2/create,0,"[""isv"", ""custom""]",[],1735541937,false,1,https://open.feishu.cn/document/server-docs/docs/docs/docs/apiRef/create-document
6907569524100448257,获取旧版文档元信息,ccm,ccm_doc,old,default,meta/:docToken,根据 docToken 获取元数据。,none,true,/document/ukTMukTMukTM/uczN3UjL3czN14yN3cTN,GET:/open-apis/doc/v2/meta/:docToken,0,"[""isv"", ""custom""]",[],1724998612,false,1,https://open.feishu.cn/document/server-docs/historic-version/docs/document/obtain-document-meta
6907569744330833921,获取旧版文档中的电子表格元数据,ccm,ccm_doc,old,default,:docToken/sheet_meta,根据 docToken 获取文档中的电子表格的元数据。,none,true,/document/ukTMukTMukTM/uADOzUjLwgzM14CM4MTN,GET:/open-apis/doc/v2/:docToken/sheet_meta,0,"[""isv"", ""custom""]",[],1702889152,false,1,https://open.feishu.cn/document/server-docs/historic-version/docs/document/obtain-sheet-meta-info-in-doc
6907569742384857090,获取旧版文档纯文本内容,ccm,ccm_doc,old,default,:docToken/raw_content,获取文档的纯文本内容，不包含富文本格式信息。,none,true,/document/ukTMukTMukTM/ukzNzUjL5czM14SO3MTN,GET:/open-apis/doc/v2/:docToken/raw_content,0,"[""isv"", ""custom""]",[],1753863891,false,1,https://open.feishu.cn/document/server-docs/docs/docs/docs/content/obtain-document-content
6908984614439845890,获取旧版文档富文本内容,ccm,ccm_doc,old,default,:docToken/content,获取结构化的文档内容。,none,true,/document/ukTMukTMukTM/uUDM2YjL1AjN24SNwYjN,GET:/open-apis/doc/v2/:docToken/content,0,"[""isv"", ""custom""]",[],1753863911,false,1,https://open.feishu.cn/document/server-docs/docs/docs/docs/content/get-document
6908984614439813122,编辑旧版文档内容,ccm,ccm_doc,old,default,:docToken/batch_update,批量编辑更新文档内容，包括更新标题、范围删除、插入内容。,none,true,/document/ukTMukTMukTM/uYDM2YjL2AjN24iNwYjN,POST:/open-apis/doc/v2/:docToken/batch_update,0,"[""isv"", ""custom""]",[],1702889189,false,1,https://open.feishu.cn/document/server-docs/docs/docs/docs/content/batch-update-document
6907569744330227713,获取表格元数据,ccm,ccm_sheet,old,default,spreadsheets/:spreadsheetToken/metainfo,根据 spreadsheetToken 获取表格元数据。,none,true,/document/ukTMukTMukTM/uETMzUjLxEzM14SMxMTN,GET:/open-apis/sheets/v2/spreadsheets/:spreadsheetToken/metainfo,0,"[""isv"", ""custom""]",[],1722417363,false,1,https://open.feishu.cn/document/server-docs/historic-version/docs/sheets/obtain-spreadsheet-metadata
6907569742384201730,更新表格属性,ccm,ccm_sheet,old,default,spreadsheets/:spreadsheetToken/properties,根据 spreadsheetToken 更新表格属性，如更新表格标题。,none,true,/document/ukTMukTMukTM/ucTMzUjL3EzM14yNxMTN,PUT:/open-apis/sheets/v2/spreadsheets/:spreadsheetToken/properties,0,"[""isv"", ""custom""]",[],1646321440,false,1,https://open.feishu.cn/document/server-docs/historic-version/docs/sheets/update-spreadsheet-properties
6907568031544229890,导入表格,ccm,ccm_sheet,old,default,import,将本地表格导入到云空间上。,none,true,/document/ukTMukTMukTM/uATO2YjLwkjN24CM5YjN,POST:/open-apis/sheets/v2/import,0,"[""isv"", ""custom""]",[],1646321582,false,1,https://open.feishu.cn/document/server-docs/historic-version/docs/sheets/sheet-operation/import-spreadsheet
6907568073252683778,查询导入结果,ccm,ccm_sheet,old,default,import/result,查询文件导入结果。查询30分钟无结果为导入失败。,none,true,/document/ukTMukTMukTM/uETO2YjLxkjN24SM5YjN,GET:/open-apis/sheets/v2/import/result,0,"[""isv"", ""custom""]",[],1698916476,false,1,https://open.feishu.cn/document/server-docs/historic-version/docs/sheets/sheet-operation/query-import-results
6907569743419932674,新建文件,ccm,ccm_drive_explorer,old,default,v2/file/:folderToken,根据 folderToken 创建 Doc、 Sheet 或 Bitable 。,none,true,/document/ukTMukTMukTM/uQTNzUjL0UzM14CN1MTN,POST:/open-apis/drive/explorer/v2/file/:folderToken,0,"[""isv"", ""custom""]",[],1733230641,false,1,https://open.feishu.cn/document/server-docs/docs/drive-v1/file/create-online-document
6907569743420637186,获取元数据,ccm,ccm_docs,old,default,docs-api/meta,根据 token 获取各类文件的元数据。,none,true,/document/ukTMukTMukTM/uMjN3UjLzYzN14yM2cTN,POST:/open-apis/suite/docs-api/meta,0,"[""custom"", ""isv""]",[],1658126122,false,1,https://open.feishu.cn/document/server-docs/historic-version/docs/drive/file/obtain-metadata
6979502797244153859,删除Sheet,ccm,ccm_drive_explorer,old,default,v2/file/spreadsheets/:spreadsheetToken,根据 spreadsheetToken 删除对应的 sheet 文档。,none,true,/document/ukTMukTMukTM/uUTNzUjL1UzM14SN1MTN/delete-sheet,DELETE:/open-apis/drive/explorer/v2/file/spreadsheets/:spreadsheetToken,0,"[""isv"", ""custom""]",[],1658126137,false,1,https://open.feishu.cn/document/server-docs/historic-version/docs/drive/file/delete-sheet
6907569523177127937,复制文档,ccm,ccm_drive_explorer,old,default,v2/file/copy/files/:fileToken,根据文件 token 复制 Doc 或 Sheet  到目标文件夹中。若没有特定的文件夹用于承载创建的文档，可以先调用「获取文件夹元信息」文档中的「获取 root folder (我的空间) meta」接口，获得我的空间的 token，然后再使用此接口。复制的文档将会在「我的空间」的「归我所有」列表里。,none,true,/document/ukTMukTMukTM/uYTNzUjL2UzM14iN1MTN,POST:/open-apis/drive/explorer/v2/file/copy/files/:fileToken,0,"[""isv"", ""custom""]",[],1698916488,false,1,https://open.feishu.cn/document/server-docs/historic-version/docs/drive/file/copy-a-doc-or-sheet
6907569742383661058,删除Doc,ccm,ccm_drive_explorer,old,default,v2/file/docs/:docToken,根据 docToken 删除对应的 Docs 文档。,none,true,/document/ukTMukTMukTM/uATM2UjLwEjN14CMxYTN,DELETE:/open-apis/drive/explorer/v2/file/docs/:docToken,0,"[""isv"", ""custom""]",[],1651916140,false,1,https://open.feishu.cn/document/server-docs/historic-version/docs/drive/file/delete-a-doc
6907569524100890625,获取文件夹下的文档清单,ccm,ccm_drive_explorer,old,default,v2/folder/:folderToken/children,根据 folderToken 获取该文件夹的文档清单，如 doc、sheet、file、bitable、folder。,none,true,/document/ukTMukTMukTM/uEjNzUjLxYzM14SM2MTN,GET:/open-apis/drive/explorer/v2/folder/:folderToken/children,0,"[""isv"", ""custom""]",[],1655362529,false,1,https://open.feishu.cn/document/server-docs/historic-version/docs/drive/folder/get-folder-children
6907569745299750914,新建文件夹,ccm,ccm_drive_explorer,old,default,v2/folder/:folderToken,根据 folderToken 在该 folder 下创建文件夹。,none,true,/document/ukTMukTMukTM/ukTNzUjL5UzM14SO1MTN,POST:/open-apis/drive/explorer/v2/folder/:folderToken,0,"[""isv"", ""custom""]",[],1651916127,false,1,https://open.feishu.cn/document/server-docs/historic-version/docs/drive/folder/create-a-new-folder
6907569524101087233,判断协作者是否有某权限,ccm,ccm_drive_permission,old,default,member/permitted,根据 filetoken 判断当前登录用户是否具有某权限。,none,true,/document/ukTMukTMukTM/uYzN3UjL2czN14iN3cTN,POST:/open-apis/drive/permission/member/permitted,0,"[""isv"", ""custom""]",[],1719921679,false,1,https://open.feishu.cn/document/server-docs/historic-version/docs/drive/permission/querying-if-a-collaborator-has-a-specific-permission
6907569744329719809,转移拥有者,ccm,ccm_drive_permission,old,default,member/transfer,根据文档信息和用户信息转移文档的所有者。,none,true,/document/ukTMukTMukTM/uQzNzUjL0czM14CN3MTN,POST:/open-apis/drive/permission/member/transfer,0,"[""isv"", ""custom""]",[],1713178804,false,1,https://open.feishu.cn/document/server-docs/historic-version/docs/drive/permission/transfer-ownership
6907569524099940353,获取云文档权限设置V2,ccm,ccm_drive_permission,old,default,v2/public/,根据 filetoken 获取文档的公共设置。,none,true,/document/ukTMukTMukTM/uITM3YjLyEzN24iMxcjN,POST:/open-apis/drive/permission/v2/public/,0,"[""isv"", ""custom""]",[],1658126152,false,1,https://open.feishu.cn/document/server-docs/historic-version/docs/drive/permission/get-document-sharing-settings-v2
6987581166854651905,更新云文档权限设置,ccm,drive,v1,permission.public,patch,该接口用于根据 filetoken 更新云文档的权限设置。,basic,true,/document/uAjLw4CM/ukTMukTMukTM/reference/drive-v1/permission-public/patch,PATCH:/open-apis/drive/v1/permissions/:token/public,0,"[""isv"", ""custom""]",[],1751546068,true,1,https://open.feishu.cn/document/server-docs/docs/permission/permission-public/patch
7091106167506354178,获取云文档权限设置,ccm,drive,v1,permission.public,get,该接口用于根据 filetoken 获取云文档的权限设置。,basic,true,/document/uAjLw4CM/ukTMukTMukTM/reference/drive-v1/permission-public/get,GET:/open-apis/drive/v1/permissions/:token/public,0,"[""isv"", ""custom""]",[],1751546056,true,1,https://open.feishu.cn/document/server-docs/docs/permission/permission-public/get
